,constituents,symbol
0,AADI,^RUT
1,AAN,^RUT
2,AAON,^RUT
3,AAT,^RUT
4,AAWW,^RUT
5,ABCB,^RUT
6,ABCL,^RUT
7,ABG,^RUT
8,ABM,^RUT
9,ABR,^RUT
10,ABSI,^RUT
11,ABTX,^RUT
12,ABUS,^RUT
13,AC,^RUT
14,ACA,^RUT
15,ACAD,^RUT
16,ACCD,^RUT
17,ACCO,^RUT
18,ACEL,^RUT
19,ACET,^RUT
20,ACHR,^RUT
21,ACIW,^RUT
22,ACLS,^RUT
23,ACLX,^RUT
24,ACMR,^RUT
25,ACNB,^RUT
26,ACRE,^RUT
27,ACRS,^RUT
28,ACT,^RUT
29,ACVA,^RUT
30,ADC,^RUT
31,ADGI,^RUT
32,ADMA,^RUT
33,ADNT,^RUT
34,ADPT,^RUT
35,ADRO,^RUT
36,ADTH,^RUT
37,ADTN,^RUT
38,ADUS,^RUT
39,ADV,^RUT
40,AEIS,^RUT
41,AEL,^RUT
42,AEO,^RUT
43,AERI,^RUT
44,AEVA,^RUT
45,AFCG,^RUT
46,AFMD,^RUT
47,AGEN,^RUT
48,AGIO,^RUT
49,AGM,^RUT
50,AGTI,^RUT
51,AGX,^RUT
52,AGYS,^RUT
53,AHCO,^RUT
54,AHH,^RUT
55,AHT,^RUT
56,AI,^RUT
57,AIMC,^RUT
58,AIN,^RUT
59,AIP,^RUT
60,AIR,^RUT
61,AIRS,^RUT
62,AIT,^RUT
63,AIV,^RUT
64,AJRD,^RUT
65,AKA,^RUT
66,AKR,^RUT
67,AKRO,^RUT
68,AKTS,^RUT
69,AKYA,^RUT
70,ALBO,^RUT
71,ALCO,^RUT
72,ALE,^RUT
73,ALEC,^RUT
74,ALEX,^RUT
75,ALG,^RUT
76,ALGT,^RUT
77,ALHC,^RUT
78,ALIT,^RUT
79,ALKS,^RUT
80,ALKT,^RUT
81,ALLO,^RUT
82,ALPN,^RUT
83,ALRM,^RUT
84,ALRS,^RUT
85,ALTG,^RUT
86,ALTO,^RUT
87,ALTR,^RUT
88,ALVR,^RUT
89,ALX,^RUT
90,ALXO,^RUT
91,AMAL,^RUT
92,AMBA,^RUT
93,AMBC,^RUT
94,AMCX,^RUT
95,AMEH,^RUT
96,AMK,^RUT
97,AMKR,^RUT
98,AMLX,^RUT
99,AMN,^RUT
100,AMNB,^RUT
101,AMOT,^RUT
102,AMPH,^RUT
103,AMPL,^RUT
104,AMPS,^RUT
105,AMPY,^RUT
106,AMR,^RUT
107,AMRC,^RUT
108,AMRK,^RUT
109,AMRS,^RUT
110,AMRX,^RUT
111,AMSF,^RUT
112,AMSWA,^RUT
113,AMTB,^RUT
114,AMTX,^RUT
115,AMWD,^RUT
116,AMWL,^RUT
117,ANAB,^RUT
118,ANDE,^RUT
119,ANF,^RUT
120,ANGO,^RUT
121,ANIK,^RUT
122,ANIP,^RUT
123,ANTX,^RUT
124,AOMR,^RUT
125,AORT,^RUT
126,AOSL,^RUT
127,APAM,^RUT
128,APEI,^RUT
129,APG,^RUT
130,APLD,^RUT
131,APLE,^RUT
132,APLS,^RUT
133,APOG,^RUT
134,APPF,^RUT
135,APPH,^RUT
136,APPN,^RUT
137,APPS,^RUT
138,AQUA,^RUT
139,ARCB,^RUT
140,ARCH,^RUT
141,ARCT,^RUT
142,AREN,^RUT
143,ARGO,^RUT
144,ARI,^RUT
145,ARIS,^RUT
146,ARKO,^RUT
147,ARLO,^RUT
148,ARNC,^RUT
149,AROC,^RUT
150,AROW,^RUT
151,ARQT,^RUT
152,ARR,^RUT
153,ARRY,^RUT
154,ARTNA,^RUT
155,ARVN,^RUT
156,ARWR,^RUT
157,ASAN,^RUT
158,ASB,^RUT
159,ASC,^RUT
160,ASGN,^RUT
161,ASIX,^RUT
162,ASLE,^RUT
163,ASO,^RUT
164,ASPN,^RUT
165,ASTE,^RUT
166,ASTR,^RUT
167,ATCX,^RUT
168,ATEC,^RUT
169,ATEN,^RUT
170,ATER,^RUT
171,ATEX,^RUT
172,ATGE,^RUT
173,ATHA,^RUT
174,ATI,^RUT
175,ATIP,^RUT
176,ATKR,^RUT
177,ATLC,^RUT
178,ATNI,^RUT
179,ATOM,^RUT
180,ATRA,^RUT
181,ATRC,^RUT
182,ATRI,^RUT
183,ATRO,^RUT
184,ATSG,^RUT
185,AUB,^RUT
186,AUD,^RUT
187,AUPH,^RUT
188,AURA,^RUT
189,AVA,^RUT
190,AVAH,^RUT
191,AVAV,^RUT
192,AVD,^RUT
193,AVDX,^RUT
194,AVID,^RUT
195,AVIR,^RUT
196,AVNS,^RUT
197,AVNT,^RUT
198,AVNW,^RUT
199,AVO,^RUT
200,AVPT,^RUT
201,AVTE,^RUT
202,AVXL,^RUT
203,AVYA,^RUT
204,AWR,^RUT
205,AX,^RUT
206,AXGN,^RUT
207,AXL,^RUT
208,AXNX,^RUT
209,AXSM,^RUT
210,AXTI,^RUT
211,AZZ,^RUT
212,B,^RUT
213,BALY,^RUT
214,BANC,^RUT
215,BAND,^RUT
216,BANF,^RUT
217,BANR,^RUT
218,BARK,^RUT
219,BASE,^RUT
220,BATRA,^RUT
221,BATRK,^RUT
222,BBBY,^RUT
223,BBCP,^RUT
224,BBIG,^RUT
225,BBIO,^RUT
226,BBLN,^RUT
227,BBSI,^RUT
228,BBUC.TO,^RUT
229,BBW,^RUT
230,BCBP,^RUT
231,BCC,^RUT
232,BCML,^RUT
233,BCO,^RUT
234,BCOR,^RUT
235,BCOV,^RUT
236,BCPC,^RUT
237,BCRX,^RUT
238,BDC,^RUT
239,BDN,^RUT
240,BE,^RUT
241,BEAM,^RUT
242,BECN,^RUT
243,BFC,^RUT
244,BFH,^RUT
245,BFLY,^RUT
246,BFS,^RUT
247,BFST,^RUT
248,BGCP,^RUT
249,BGFV,^RUT
250,BGRY,^RUT
251,BGS,^RUT
252,BH,^RUT
253,BHB,^RUT
254,BHE,^RUT
255,BHG,^RUT
256,BHIL,^RUT
257,BHLB,^RUT
258,BHR,^RUT
259,BHVN,^RUT
260,BIG,^RUT
261,BIGC,^RUT
262,BIPC,^RUT
263,BIRD,^RUT
264,BJRI,^RUT
265,BKD,^RUT
266,BKE,^RUT
267,BKH,^RUT
268,BKKT,^RUT
269,BKU,^RUT
270,BL,^RUT
271,BLBD,^RUT
272,BLDE,^RUT
273,BLFS,^RUT
274,BLFY,^RUT
275,BLI,^RUT
276,BLKB,^RUT
277,BLMN,^RUT
278,BLND,^RUT
279,BLNK,^RUT
280,BLUE,^RUT
281,BLX,^RUT
282,BMBL,^RUT
283,BMI,^RUT
284,BMRC,^RUT
285,BNFT,^RUT
286,BNGO,^RUT
287,BNL,^RUT
288,BOC,^RUT
289,BODY,^RUT
290,BOOM,^RUT
291,BOOT,^RUT
292,BORR.OL,^RUT
293,BOWL,^RUT
294,BOX,^RUT
295,BOXD,^RUT
296,BPMC,^RUT
297,BRBR,^RUT
298,BRBS,^RUT
299,BRC,^RUT
300,BRCC,^RUT
301,BRDS,^RUT
302,BRG,^RUT
303,BRKL,^RUT
304,BRMK,^RUT
305,BRP,^RUT
306,BRSP,^RUT
307,BRT,^RUT
308,BRY,^RUT
309,BSIG,^RUT
310,BSRR,^RUT
311,BTAI,^RUT
312,BTRS,^RUT
313,BTU,^RUT
314,BUSE,^RUT
315,BV,^RUT
316,BVH,^RUT
317,BVS,^RUT
318,BW,^RUT
319,BWB,^RUT
320,BWFG,^RUT
321,BXC,^RUT
322,BXMT,^RUT
323,BY,^RUT
324,BYND,^RUT
325,BZH,^RUT
326,CAC,^RUT
327,CAD,^RUT
328,CADE,^RUT
329,CAKE,^RUT
330,CAL,^RUT
331,CALM,^RUT
332,CALX,^RUT
333,CANO,^RUT
334,CARA,^RUT
335,CARE,^RUT
336,CARG,^RUT
337,CARS,^RUT
338,CASA,^RUT
339,CASH,^RUT
340,CASS,^RUT
341,CATC,^RUT
342,CATO,^RUT
343,CATY,^RUT
344,CBAN,^RUT
345,CBL,^RUT
346,CBNK,^RUT
347,CBRL,^RUT
348,CBT,^RUT
349,CBTX,^RUT
350,CBU,^RUT
351,CBZ,^RUT
352,CCB,^RUT
353,CCBG,^RUT
354,CCCC,^RUT
355,CCF,^RUT
356,CCNE,^RUT
357,CCO,^RUT
358,CCOI,^RUT
359,CCRN,^RUT
360,CCS,^RUT
361,CCSI,^RUT
362,CCXI,^RUT
363,CDE,^RUT
364,CDEV,^RUT
365,CDLX,^RUT
366,CDMO,^RUT
367,CDNA,^RUT
368,CDR,^RUT
369,CDRE,^RUT
370,CDXS,^RUT
371,CEIX,^RUT
372,CELH,^RUT
373,CELU,^RUT
374,CENN,^RUT
375,CENT,^RUT
376,CENTA,^RUT
377,CENX,^RUT
378,CERE,^RUT
379,CERS,^RUT
380,CEVA,^RUT
381,CFB,^RUT
382,CFFN,^RUT
383,CGEM,^RUT
384,CHCO,^RUT
385,CHCT,^RUT
386,CHEF,^RUT
387,CHGG,^RUT
388,CHRD,^RUT
389,CHRS,^RUT
390,CHS,^RUT
391,CHUY,^RUT
392,CHX,^RUT
393,CIFR,^RUT
394,CIM,^RUT
395,CINC,^RUT
396,CIO,^RUT
397,CIR,^RUT
398,CISO,^RUT
399,CIVB,^RUT
400,CIVI,^RUT
401,CIX,^RUT
402,CLAR,^RUT
403,CLBK,^RUT
404,CLDT,^RUT
405,CLDX,^RUT
406,CLFD,^RUT
407,CLNE,^RUT
408,CLOV,^RUT
409,CLPR,^RUT
410,CLSK,^RUT
411,CLW,^RUT
412,CMAX,^RUT
413,CMBM,^RUT
414,CMC,^RUT
415,CMCO,^RUT
416,CMLS,^RUT
417,CMP,^RUT
418,CMPO,^RUT
419,CMPR,^RUT
420,CMRE,^RUT
421,CMRX,^RUT
422,CMTG,^RUT
423,CMTL,^RUT
424,CNDT,^RUT
425,CNK,^RUT
426,CNMD,^RUT
427,CNNE,^RUT
428,CNO,^RUT
429,CNOB,^RUT
430,CNS,^RUT
431,CNSL,^RUT
432,CNTY,^RUT
433,CNVY,^RUT
434,CNX,^RUT
435,CNXN,^RUT
436,COCO,^RUT
437,CODI,^RUT
438,COGT,^RUT
439,COHU,^RUT
440,COKE,^RUT
441,COLB,^RUT
442,COLL,^RUT
443,COMM,^RUT
444,COMP,^RUT
445,CONN,^RUT
446,COOK,^RUT
447,COOP,^RUT
448,CORT,^RUT
449,CORZ,^RUT
450,COUR,^RUT
451,COWN,^RUT
452,CPE,^RUT
453,CPF,^RUT
454,CPK,^RUT
455,CPRX,^RUT
456,CPSI,^RUT
457,CPSS,^RUT
458,CRAI,^RUT
459,CRBU,^RUT
460,CRC,^RUT
461,CRD.A,^RUT
462,CRDO,^RUT
463,CRGE,^RUT
464,CRGY,^RUT
465,CRK,^RUT
466,CRMT,^RUT
467,CRNC,^RUT
468,CRNX,^RUT
469,CROX,^RUT
470,CRS,^RUT
471,CRSR,^RUT
472,CRVL,^RUT
473,CSGS,^RUT
474,CSII,^RUT
475,CSR,^RUT
476,CSTE,^RUT
477,CSTL,^RUT
478,CSTM,^RUT
479,CSTR,^RUT
480,CSV,^RUT
481,CSWI,^RUT
482,CTBI,^RUT
483,CTIC,^RUT
484,CTKB,^RUT
485,CTLP,^RUT
486,CTO,^RUT
487,CTOS,^RUT
488,CTRE,^RUT
489,CTRN,^RUT
490,CTS,^RUT
491,CTT,^RUT
492,CTV,^RUT
493,CUBI,^RUT
494,CURO,^RUT
495,CURV,^RUT
496,CUTR,^RUT
497,CVBF,^RUT
498,CVCO,^RUT
499,CVET,^RUT
500,CVGW,^RUT
501,CVI,^RUT
502,CVLG,^RUT
503,CVLT,^RUT
504,CVT,^RUT
505,CWEN,^RUT
506,CWEN.A,^RUT
507,CWH,^RUT
508,CWK,^RUT
509,CWST,^RUT
510,CWT,^RUT
511,CXW,^RUT
512,CYBE,^RUT
513,CYH,^RUT
514,CYRX,^RUT
515,CYTK,^RUT
516,CYXT,^RUT
517,CZNC,^RUT
518,DAN,^RUT
519,DAWN,^RUT
520,DBD,^RUT
521,DBI,^RUT
522,DBRG,^RUT
523,DC,^RUT
524,DCGO,^RUT
525,DCO,^RUT
526,DCOM,^RUT
527,DCPH,^RUT
528,DCT,^RUT
529,DDD,^RUT
530,DDS,^RUT
531,DEA,^RUT
532,DEN,^RUT
533,DENN,^RUT
534,DFH,^RUT
535,DFIN,^RUT
536,DGICA,^RUT
537,DGII,^RUT
538,DHC,^RUT
539,DHIL,^RUT
540,DHT,^RUT
541,DHX,^RUT
542,DIBS,^RUT
543,DICE,^RUT
544,DIN,^RUT
545,DIOD,^RUT
546,DJCO,^RUT
547,DK,^RUT
548,DLTH,^RUT
549,DLX,^RUT
550,DM,^RUT
551,DMRC,^RUT
552,DNLI,^RUT
553,DNMR,^RUT
554,DNOW,^RUT
555,DNUT,^RUT
556,DO,^RUT
557,DOC,^RUT
558,DOCN,^RUT
559,DOMA,^RUT
560,DOMO,^RUT
561,DOOR,^RUT
562,DORM,^RUT
563,DOUG,^RUT
564,DRH,^RUT
565,DRQ,^RUT
566,DSEY,^RUT
567,DSGN,^RUT
568,DSGR,^RUT
569,DSKE,^RUT
570,DSP,^RUT
571,DTC,^RUT
572,DUOL,^RUT
573,DVAX,^RUT
574,DX,^RUT
575,DXLG,^RUT
576,DXPE,^RUT
577,DY,^RUT
578,DYN,^RUT
579,DZSI,^RUT
580,EAF,^RUT
581,EAT,^RUT
582,EB,^RUT
583,EBC,^RUT
584,EBF,^RUT
585,EBIX,^RUT
586,EBS,^RUT
587,EBTC,^RUT
588,ECOM,^RUT
589,ECPG,^RUT
590,ECVT,^RUT
591,EDIT,^RUT
592,EE,^RUT
593,EFC,^RUT
594,EFSC,^RUT
595,EGAN,^RUT
596,EGBN,^RUT
597,EGHT,^RUT
598,EGIO,^RUT
599,EGLE,^RUT
600,EGRX,^RUT
601,EGY,^RUT
602,EHTH,^RUT
603,EIG,^RUT
604,EIGR,^RUT
605,ELF,^RUT
606,ELY,^RUT
607,EMBC,^RUT
608,EME,^RUT
609,ENDP,^RUT
610,ENFN,^RUT
611,ENOB,^RUT
612,ENR,^RUT
613,ENS,^RUT
614,ENSG,^RUT
615,ENTA,^RUT
616,ENV,^RUT
617,ENVA,^RUT
618,ENVX,^RUT
619,EOLS,^RUT
620,EP,^RUT
621,EPAC,^RUT
622,EPC,^RUT
623,EPRT,^RUT
624,EQBK,^RUT
625,EQC,^RUT
626,EQRX,^RUT
627,ERAS,^RUT
628,ERII,^RUT
629,ESE,^RUT
630,ESGR,^RUT
631,ESMT,^RUT
632,ESNT,^RUT
633,ESPR,^RUT
634,ESQ,^RUT
635,ESRT,^RUT
636,ESTE,^RUT
637,ETD,^RUT
638,ETRN,^RUT
639,ETWO,^RUT
640,EVBG,^RUT
641,EVC,^RUT
642,EVCM,^RUT
643,EVER,^RUT
644,EVGO,^RUT
645,EVH,^RUT
646,EVLV,^RUT
647,EVOP,^RUT
648,EVRI,^RUT
649,EVTC,^RUT
650,EWCZ,^RUT
651,EWTX,^RUT
652,EXLS,^RUT
653,EXPI,^RUT
654,EXPO,^RUT
655,EXPR,^RUT
656,EXTR,^RUT
657,EYE,^RUT
658,EYPT,^RUT
659,EZPW,^RUT
660,FA,^RUT
661,FARO,^RUT
662,FATE,^RUT
663,FBC,^RUT
664,FBIZ,^RUT
665,FBK,^RUT
666,FBMS,^RUT
667,FBNC,^RUT
668,FBP,^RUT
669,FBRT,^RUT
670,FC,^RUT
671,FCBC,^RUT
672,FCEL,^RUT
673,FCF,^RUT
674,FCFS,^RUT
675,FCPT,^RUT
676,FCUV,^RUT
677,FDMT,^RUT
678,FDP,^RUT
679,FEAM,^RUT
680,FELE,^RUT
681,FF,^RUT
682,FFBC,^RUT
683,FFIC,^RUT
684,FFIE,^RUT
685,FFIN,^RUT
686,FFWM,^RUT
687,FGBI,^RUT
688,FGEN,^RUT
689,FHI,^RUT
690,FHTX,^RUT
691,FIBK,^RUT
692,FIGS,^RUT
693,FISI,^RUT
694,FIX,^RUT
695,FIZZ,^RUT
696,FL,^RUT
697,FLGT,^RUT
698,FLIC,^RUT
699,FLL,^RUT
700,FLNC,^RUT
701,FLNG.OL,^RUT
702,FLR,^RUT
703,FLWS,^RUT
704,FLYW,^RUT
705,FMAO,^RUT
706,FMBH,^RUT
707,FMNB,^RUT
708,FMTX,^RUT
709,FN,^RUT
710,FNA,^RUT
711,FNKO,^RUT
712,FNLC,^RUT
713,FOA,^RUT
714,FOCS,^RUT
715,FOLD,^RUT
716,FOR,^RUT
717,FORG,^RUT
718,FORM,^RUT
719,FORR,^RUT
720,FOSL,^RUT
721,FOXF,^RUT
722,FPI,^RUT
723,FRBA,^RUT
724,FRBK,^RUT
725,FREE,^RUT
726,FRG,^RUT
727,FRME,^RUT
728,FRO.OL,^RUT
729,FRPH,^RUT
730,FRST,^RUT
731,FSBC,^RUT
732,FSLY,^RUT
733,FSP,^RUT
734,FSR,^RUT
735,FSS,^RUT
736,FTCI,^RUT
737,FTDR,^RUT
738,FUBO,^RUT
739,FUL,^RUT
740,FULC,^RUT
741,FULT,^RUT
742,FVCB,^RUT
743,FWRD,^RUT
744,FWRG,^RUT
745,FXLV,^RUT
746,GABC,^RUT
747,GAMB,^RUT
748,GATX,^RUT
749,GBCI,^RUT
750,GBIO,^RUT
751,GBL,^RUT
752,GBT,^RUT
753,GBX,^RUT
754,GCBC,^RUT
755,GCI,^RUT
756,GCMG,^RUT
757,GCO,^RUT
758,GCP,^RUT
759,GDEN,^RUT
760,GDOT,^RUT
761,GDYN,^RUT
762,GEF,^RUT
763,GEF.B,^RUT
764,GEO,^RUT
765,GERN,^RUT
766,GES,^RUT
767,GEVO,^RUT
768,GFF,^RUT
769,GHC,^RUT
770,GIC,^RUT
771,GIII,^RUT
772,GKOS,^RUT
773,GLDD,^RUT
774,GLNG,^RUT
775,GLRE,^RUT
776,GLT,^RUT
777,GLUE,^RUT
778,GMRE,^RUT
779,GMS,^RUT
780,GNK,^RUT
781,GNL,^RUT
782,GNTY,^RUT
783,GNW,^RUT
784,GOEV,^RUT
785,GOGL,^RUT
786,GOGO,^RUT
787,GOLF,^RUT
788,GOOD,^RUT
789,GOSS,^RUT
790,GPI,^RUT
791,GPMT,^RUT
792,GPOR,^RUT
793,GPRE,^RUT
794,GPRO,^RUT
795,GRBK,^RUT
796,GRC,^RUT
797,GREE,^RUT
798,GRNA,^RUT
799,GRPN,^RUT
800,GRWG,^RUT
801,GSAT,^RUT
802,GSBC,^RUT
803,GSHD,^RUT
804,GT,^RUT
805,GTLS,^RUT
806,GTN,^RUT
807,GTXI,^RUT
808,GTY,^RUT
809,GVA,^RUT
810,GWH,^RUT
811,GWRS,^RUT
812,HA,^RUT
813,HAE,^RUT
814,HAFC,^RUT
815,HAIN,^RUT
816,HALO,^RUT
817,HASI,^RUT
818,HAYN,^RUT
819,HBCP,^RUT
820,HBNC,^RUT
821,HBT,^RUT
822,HCAT,^RUT
823,HCC,^RUT
824,HCCI,^RUT
825,HCI,^RUT
826,HCKT,^RUT
827,HCSG,^RUT
828,HDSN,^RUT
829,HEAR,^RUT
830,HEES,^RUT
831,HELE,^RUT
832,HFFG,^RUT
833,HFWA,^RUT
834,HGV,^RUT
835,HI,^RUT
836,HIBB,^RUT
837,HIFS,^RUT
838,HIMS,^RUT
839,HIPO,^RUT
840,HL,^RUT
841,HLF,^RUT
842,HLGN,^RUT
843,HLI,^RUT
844,HLIO,^RUT
845,HLIT,^RUT
846,HLLY,^RUT
847,HLMN,^RUT
848,HLNE,^RUT
849,HLTH,^RUT
850,HLVX,^RUT
851,HLX,^RUT
852,HMN,^RUT
853,HMPT,^RUT
854,HMST,^RUT
855,HNGR,^RUT
856,HNI,^RUT
857,HNST,^RUT
858,HOMB,^RUT
859,HONE,^RUT
860,HOPE,^RUT
861,HOUS,^RUT
862,HOV,^RUT
863,HP,^RUT
864,HPK,^RUT
865,HQY,^RUT
866,HRI,^RUT
867,HRMY,^RUT
868,HRT,^RUT
869,HRTX,^RUT
870,HSC,^RUT
871,HSII,^RUT
872,HSKA,^RUT
873,HSTM,^RUT
874,HT,^RUT
875,HTBI,^RUT
876,HTBK,^RUT
877,HTH,^RUT
878,HTLD,^RUT
879,HTLF,^RUT
880,HUBG,^RUT
881,HUMA,^RUT
882,HURN,^RUT
883,HVT,^RUT
884,HWC,^RUT
885,HWKN,^RUT
886,HY,^RUT
887,HYFM,^RUT
888,HYLN,^RUT
889,HYMC,^RUT
890,HYZN,^RUT
891,HZO,^RUT
892,IAS,^RUT
893,IBCP,^RUT
894,IBEX,^RUT
895,IBOC,^RUT
896,IBP,^RUT
897,IBRX,^RUT
898,IBTX,^RUT
899,ICFI,^RUT
900,ICHR,^RUT
901,ICPT,^RUT
902,ICVX,^RUT
903,IDCC,^RUT
904,IDT,^RUT
905,IDYA,^RUT
906,IEA,^RUT
907,IESC,^RUT
908,IGMS,^RUT
909,IGT,^RUT
910,IHRT,^RUT
911,III,^RUT
912,IIIN,^RUT
913,IIIV,^RUT
914,IIPR,^RUT
915,ILPT,^RUT
916,IMAX,^RUT
917,IMGN,^RUT
918,IMGO,^RUT
919,IMKTA,^RUT
920,IMVT,^RUT
921,IMXI,^RUT
922,INBK,^RUT
923,INBX,^RUT
924,INDB,^RUT
925,INDI,^RUT
926,INDT,^RUT
927,INFN,^RUT
928,INGN,^RUT
929,INN,^RUT
930,INNV,^RUT
931,INO,^RUT
932,INSE,^RUT
933,INSG,^RUT
934,INSM,^RUT
935,INSP,^RUT
936,INST,^RUT
937,INSW,^RUT
938,INT,^RUT
939,INTA,^RUT
940,INVA,^RUT
941,INVE,^RUT
942,IONQ,^RUT
943,IOSP,^RUT
944,IOVA,^RUT
945,IPAR,^RUT
946,IPI,^RUT
947,IPSC,^RUT
948,IRBT,^RUT
949,IRDM,^RUT
950,IRMD,^RUT
951,IRNT,^RUT
952,IRT,^RUT
953,IRTC,^RUT
954,IRWD,^RUT
955,ISEE,^RUT
956,ISPO,^RUT
957,ITCI,^RUT
958,ITGR,^RUT
959,ITIC,^RUT
960,ITOS,^RUT
961,ITRI,^RUT
962,IVR,^RUT
963,IVT,^RUT
964,JACK,^RUT
965,JANX,^RUT
966,JBI,^RUT
967,JBSS,^RUT
968,JBT,^RUT
969,JELD,^RUT
970,JJSF,^RUT
971,JMSB,^RUT
972,JNCE,^RUT
973,JOAN,^RUT
974,JOBY,^RUT
975,JOE,^RUT
976,JOUT,^RUT
977,JRVR,^RUT
978,JXN,^RUT
979,JYNT,^RUT
980,KAI,^RUT
981,KALU,^RUT
982,KALV,^RUT
983,KAMN,^RUT
984,KAR,^RUT
985,KBAL,^RUT
986,KBH,^RUT
987,KDNY,^RUT
988,KE,^RUT
989,KELYA,^RUT
990,KFRC,^RUT
991,KFY,^RUT
992,KIDS,^RUT
993,KLIC,^RUT
994,KLR,^RUT
995,KMT,^RUT
996,KN,^RUT
997,KNBE,^RUT
998,KNSA,^RUT
999,KNSL,^RUT
1000,KNTE,^RUT
1001,KNTK,^RUT
1002,KOD,^RUT
1003,KODK,^RUT
1004,KOP,^RUT
1005,KORE,^RUT
1006,KOS,^RUT
1007,KPTI,^RUT
1008,KREF,^RUT
1009,KRG,^RUT
1010,KRNY,^RUT
1011,KRO,^RUT
1012,KRON,^RUT
1013,KROS,^RUT
1014,KRT,^RUT
1015,KRTX,^RUT
1016,KRUS,^RUT
1017,KRYS,^RUT
1018,KTB,^RUT
1019,KTOS,^RUT
1020,KURA,^RUT
1021,KW,^RUT
1022,KWR,^RUT
1023,KYMR,^RUT
1024,KZR,^RUT
1025,LADR,^RUT
1026,LANC,^RUT
1027,LAND,^RUT
1028,LASR,^RUT
1029,LAUR,^RUT
1030,LAW,^RUT
1031,LAZR,^RUT
1032,LBAI,^RUT
1033,LBC,^RUT
1034,LBRT,^RUT
1035,LC,^RUT
1036,LCII,^RUT
1037,LCUT,^RUT
1038,LE,^RUT
1039,LEGH,^RUT
1040,LEU,^RUT
1041,LFG,^RUT
1042,LFST,^RUT
1043,LGF.A,^RUT
1044,LGF.B,^RUT
1045,LGIH,^RUT
1046,LGND,^RUT
1047,LHCG,^RUT
1048,LICY,^RUT
1049,LIDR,^RUT
1050,LILA,^RUT
1051,LILAK,^RUT
1052,LIND,^RUT
1053,LIVN,^RUT
1054,LKFN,^RUT
1055,LL,^RUT
1056,LLAP,^RUT
1057,LMAT,^RUT
1058,LMND,^RUT
1059,LNDC,^RUT
1060,LNN,^RUT
1061,LNTH,^RUT
1062,LNW,^RUT
1063,LOB,^RUT
1064,LOCL,^RUT
1065,LOCO,^RUT
1066,LOVE,^RUT
1067,LPG,^RUT
1068,LPI,^RUT
1069,LPRO,^RUT
1070,LPSN,^RUT
1071,LQDA,^RUT
1072,LQDT,^RUT
1073,LRN,^RUT
1074,LSEA,^RUT
1075,LTC,^RUT
1076,LTCH,^RUT
1077,LTH,^RUT
1078,LTHM,^RUT
1079,LUNG,^RUT
1080,LVLU,^RUT
1081,LWLG,^RUT
1082,LXFR,^RUT
1083,LXP,^RUT
1084,LXRX,^RUT
1085,LXU,^RUT
1086,LYEL,^RUT
1087,LYLT,^RUT
1088,LZ,^RUT
1089,LZB,^RUT
1090,MAC,^RUT
1091,MANT,^RUT
1092,MAPS,^RUT
1093,MARA,^RUT
1094,MASS,^RUT
1095,MATV,^RUT
1096,MATW,^RUT
1097,MATX,^RUT
1098,MAX,^RUT
1099,MAXR,^RUT
1100,MBI,^RUT
1101,MBIN,^RUT
1102,MBUU,^RUT
1103,MBWM,^RUT
1104,MC,^RUT
1105,MCB,^RUT
1106,MCBC,^RUT
1107,MCBS,^RUT
1108,MCFT,^RUT
1109,MCRB,^RUT
1110,MCRI,^RUT
1111,MCS,^RUT
1112,MCY,^RUT
1113,MD,^RUT
1114,MDC,^RUT
1115,MDGL,^RUT
1116,MDRX,^RUT
1117,MDXG,^RUT
1118,ME,^RUT
1119,MED,^RUT
1120,MEDP,^RUT
1121,MEG,^RUT
1122,MEI,^RUT
1123,METC,^RUT
1124,MFA,^RUT
1125,MGEE,^RUT
1126,MGI,^RUT
1127,MGNI,^RUT
1128,MGNX,^RUT
1129,MGPI,^RUT
1130,MGRC,^RUT
1131,MGTX,^RUT
1132,MGY,^RUT
1133,MHO,^RUT
1134,MIR,^RUT
1135,MIRM,^RUT
1136,MITK,^RUT
1137,MKFG,^RUT
1138,MKTW,^RUT
1139,ML,^RUT
1140,MLAB,^RUT
1141,MLI,^RUT
1142,MLKN,^RUT
1143,MLNK,^RUT
1144,MLR,^RUT
1145,MMI,^RUT
1146,MMS,^RUT
1147,MMSI,^RUT
1148,MN,^RUT
1149,MNKD,^RUT
1150,MNRL,^RUT
1151,MNRO,^RUT
1152,MNTK,^RUT
1153,MNTS,^RUT
1154,MNTV,^RUT
1155,MOD,^RUT
1156,MODN,^RUT
1157,MODV,^RUT
1158,MOFG,^RUT
1159,MOG.A,^RUT
1160,MORF,^RUT
1161,MOV,^RUT
1162,MPAA,^RUT
1163,MPB,^RUT
1164,MPLN,^RUT
1165,MPX,^RUT
1166,MQ,^RUT
1167,MRC,^RUT
1168,MRSN,^RUT
1169,MRTN,^RUT
1170,MSBI,^RUT
1171,MSEX,^RUT
1172,MSFUT,^RUT
1173,MSGE,^RUT
1174,MSTR,^RUT
1175,MTDR,^RUT
1176,MTH,^RUT
1177,MTRN,^RUT
1178,MTSI,^RUT
1179,MTTR,^RUT
1180,MTW,^RUT
1181,MTX,^RUT
1182,MULN,^RUT
1183,MUR,^RUT
1184,MUSA,^RUT
1185,MVBF,^RUT
1186,MVIS,^RUT
1187,MVST,^RUT
1188,MWA,^RUT
1189,MXCT,^RUT
1190,MXL,^RUT
1191,MYE,^RUT
1192,MYFW,^RUT
1193,MYGN,^RUT
1194,MYPS,^RUT
1195,MYRG,^RUT
1196,NABL,^RUT
1197,NAPA,^RUT
1198,NARI,^RUT
1199,NAT,^RUT
1200,NATR,^RUT
1201,NAUT,^RUT
1202,NAVI,^RUT
1203,NBHC,^RUT
1204,NBN,^RUT
1205,NBR,^RUT
1206,NBTB,^RUT
1207,NC,^RUT
1208,NDLS,^RUT
1209,NE,^RUT
1210,NEO,^RUT
1211,NEOG,^RUT
1212,NESR,^RUT
1213,NETI,^RUT
1214,NEX,^RUT
1215,NEXT,^RUT
1216,NFBK,^RUT
1217,NG,^RUT
1218,NGM,^RUT
1219,NGMS,^RUT
1220,NGVC,^RUT
1221,NGVT,^RUT
1222,NHC,^RUT
1223,NHI,^RUT
1224,NIC,^RUT
1225,NJR,^RUT
1226,NKLA,^RUT
1227,NKTR,^RUT
1228,NKTX,^RUT
1229,NL,^RUT
1230,NMIH,^RUT
1231,NMRK,^RUT
1232,NN,^RUT
1233,NNI,^RUT
1234,NNOX,^RUT
1235,NODK,^RUT
1236,NOG,^RUT
1237,NOTV,^RUT
1238,NOVA,^RUT
1239,NOVT,^RUT
1240,NPK,^RUT
1241,NPO,^RUT
1242,NR,^RUT
1243,NRC,^RUT
1244,NRDS,^RUT
1245,NRDY,^RUT
1246,NREF,^RUT
1247,NRGV,^RUT
1248,NRIX,^RUT
1249,NSIT,^RUT
1250,NSP,^RUT
1251,NSSC,^RUT
1252,NSTG,^RUT
1253,NTB,^RUT
1254,NTCT,^RUT
1255,NTGR,^RUT
1256,NTLA,^RUT
1257,NTST,^RUT
1258,NUS,^RUT
1259,NUTX,^RUT
1260,NUVA,^RUT
1261,NUVB,^RUT
1262,NUVL,^RUT
1263,NVEE,^RUT
1264,NVRO,^RUT
1265,NVTA,^RUT
1266,NWBI,^RUT
1267,NWE,^RUT
1268,NWLI,^RUT
1269,NWN,^RUT
1270,NWPX,^RUT
1271,NX,^RUT
1272,NXGN,^RUT
1273,NXRT,^RUT
1274,NYMT,^RUT
1275,OB,^RUT
1276,OBNK,^RUT
1277,OCFC,^RUT
1278,OCGN,^RUT
1279,OCUL,^RUT
1280,ODP,^RUT
1281,OEC,^RUT
1282,OFC,^RUT
1283,OFG,^RUT
1284,OFIX,^RUT
1285,OFLX,^RUT
1286,OGS,^RUT
1287,OI,^RUT
1288,OII,^RUT
1289,OIS,^RUT
1290,OLO,^RUT
1291,OLP,^RUT
1292,OM,^RUT
1293,OMCL,^RUT
1294,OMER,^RUT
1295,OMI,^RUT
1296,OMIC,^RUT
1297,ONB,^RUT
1298,ONDS,^RUT
1299,ONEM,^RUT
1300,ONEW,^RUT
1301,ONL,^RUT
1302,ONTF,^RUT
1303,ONTO,^RUT
1304,OOMA,^RUT
1305,OPAD,^RUT
1306,OPCH,^RUT
1307,OPFI,^RUT
1308,OPI,^RUT
1309,OPK,^RUT
1310,OPRT,^RUT
1311,OPRX,^RUT
1312,OPY,^RUT
1313,ORA,^RUT
1314,ORC,^RUT
1315,ORGN,^RUT
1316,ORGO,^RUT
1317,ORRF,^RUT
1318,OSBC,^RUT
1319,OSCR,^RUT
1320,OSIS,^RUT
1321,OSPN,^RUT
1322,OSTK,^RUT
1323,OSUR,^RUT
1324,OSW,^RUT
1325,OTLK,^RUT
1326,OTTR,^RUT
1327,OUST,^RUT
1328,OUT,^RUT
1329,OXM,^RUT
1330,P5N994,^RUT
1331,PACB,^RUT
1332,PACK,^RUT
1333,PAHC,^RUT
1334,PAR,^RUT
1335,PARR,^RUT
1336,PATK,^RUT
1337,PAYA,^RUT
1338,PAYO,^RUT
1339,PBF,^RUT
1340,PBFS,^RUT
1341,PBH,^RUT
1342,PBI,^RUT
1343,PCB,^RUT
1344,PCH,^RUT
1345,PCRX,^RUT
1346,PCSB,^RUT
1347,PCT,^RUT
1348,PCVX,^RUT
1349,PCYO,^RUT
1350,PD,^RUT
1351,PDCO,^RUT
1352,PDFS,^RUT
1353,PDLI,^RUT
1354,PDM,^RUT
1355,PEB,^RUT
1356,PEBO,^RUT
1357,PECO,^RUT
1358,PEPG,^RUT
1359,PETQ,^RUT
1360,PETS,^RUT
1361,PFBC,^RUT
1362,PFC,^RUT
1363,PFHD,^RUT
1364,PFIS,^RUT
1365,PFS,^RUT
1366,PFSI,^RUT
1367,PFSW,^RUT
1368,PGC,^RUT
1369,PGEN,^RUT
1370,PGNY,^RUT
1371,PGRE,^RUT
1372,PGTI,^RUT
1373,PHAT,^RUT
1374,PHR,^RUT
1375,PI,^RUT
1376,PIII,^RUT
1377,PING,^RUT
1378,PIPR,^RUT
1379,PJT,^RUT
1380,PKBK,^RUT
1381,PKE,^RUT
1382,PL,^RUT
1383,PLAB,^RUT
1384,PLAY,^RUT
1385,PLBY,^RUT
1386,PLCE,^RUT
1387,PLL,^RUT
1388,PLMR,^RUT
1389,PLOW,^RUT
1390,PLPC,^RUT
1391,PLUS,^RUT
1392,PLXS,^RUT
1393,PLYM,^RUT
1394,PMT,^RUT
1395,PMVP,^RUT
1396,PNM,^RUT
1397,PNT,^RUT
1398,PNTG,^RUT
1399,POLY,^RUT
1400,POM.TO,^RUT
1401,POR,^RUT
1402,POSH,^RUT
1403,POWI,^RUT
1404,POWL,^RUT
1405,POWW,^RUT
1406,PPBI,^RUT
1407,PRA,^RUT
1408,PRAA,^RUT
1409,PRAX,^RUT
1410,PRCH,^RUT
1411,PRCT,^RUT
1412,PRDO,^RUT
1413,PRDS,^RUT
1414,PRFT,^RUT
1415,PRG,^RUT
1416,PRGS,^RUT
1417,PRIM,^RUT
1418,PRK,^RUT
1419,PRLB,^RUT
1420,PRM,^RUT
1421,PRMW.TO,^RUT
1422,PRO,^RUT
1423,PRPL,^RUT
1424,PRTA,^RUT
1425,PRTH,^RUT
1426,PRTS,^RUT
1427,PRTY,^RUT
1428,PRVA,^RUT
1429,PRVB,^RUT
1430,PSFE,^RUT
1431,PSMT,^RUT
1432,PSN,^RUT
1433,PSTL,^RUT
1434,PTCT,^RUT
1435,PTEN,^RUT
1436,PTGX,^RUT
1437,PTLO,^RUT
1438,PTRA,^RUT
1439,PTSI,^RUT
1440,PTVE,^RUT
1441,PUBM,^RUT
1442,PUMP,^RUT
1443,PVBC,^RUT
1444,PWP,^RUT
1445,PWSC,^RUT
1446,PZN,^RUT
1447,PZZA,^RUT
1448,QCRH,^RUT
1449,QLYS,^RUT
1450,QNST,^RUT
1451,QRTEA,^RUT
1452,QSI,^RUT
1453,QTRX,^RUT
1454,QTWO,^RUT
1455,QUAD,^RUT
1456,QUOT,^RUT
1457,RAD,^RUT
1458,RADI,^RUT
1459,RAMP,^RUT
1460,RAPT,^RUT
1461,RBB,^RUT
1462,RBBN,^RUT
1463,RBCAA,^RUT
1464,RBOT,^RUT
1465,RC,^RUT
1466,RCII,^RUT
1467,RCKT,^RUT
1468,RCKY,^RUT
1469,RCM,^RUT
1470,RCUS,^RUT
1471,RDBX,^RUT
1472,RDFN,^RUT
1473,RDN,^RUT
1474,RDNT,^RUT
1475,RDVT,^RUT
1476,RDW,^RUT
1477,REAL,^RUT
1478,REFI,^RUT
1479,REI,^RUT
1480,RELY,^RUT
1481,RENT,^RUT
1482,REPL,^RUT
1483,REPX,^RUT
1484,RES,^RUT
1485,RETA,^RUT
1486,REVG,^RUT
1487,REX,^RUT
1488,REZI,^RUT
1489,RFP,^RUT
1490,RGNX,^RUT
1491,RGP,^RUT
1492,RGR,^RUT
1493,RGTI,^RUT
1494,RHP,^RUT
1495,RICK,^RUT
1496,RIDE,^RUT
1497,RIGL,^RUT
1498,RILY,^RUT
1499,RIOT,^RUT
1500,RKLB,^RUT
1501,RKLY,^RUT
1502,RLAY,^RUT
1503,RLGT,^RUT
1504,RLI,^RUT
1505,RLJ,^RUT
1506,RLMD,^RUT
1507,RLYB,^RUT
1508,RM,^RUT
1509,RMAX,^RUT
1510,RMBL,^RUT
1511,RMBS,^RUT
1512,RMNI,^RUT
1513,RMR,^RUT
1514,RNA,^RUT
1515,RNST,^RUT
1516,ROAD,^RUT
1517,ROCC,^RUT
1518,ROCK,^RUT
1519,ROG,^RUT
1520,ROIC,^RUT
1521,ROLL,^RUT
1522,ROOT,^RUT
1523,ROVR,^RUT
1524,RPAY,^RUT
1525,RPD,^RUT
1526,RPT,^RUT
1527,RRBI,^RUT
1528,RRR,^RUT
1529,RSI,^RUT
1530,RSVR,^RUT
1531,RTL,^RUT
1532,RTYU2,^RUT
1533,RUN.DE,^RUT
1534,RUSHA,^RUT
1535,RUTH,^RUT
1536,RVLV,^RUT
1537,RVMD,^RUT
1538,RVNC,^RUT
1539,RWT,^RUT
1540,RXDX,^RUT
1541,RXRX,^RUT
1542,RXST,^RUT
1543,RXT,^RUT
1544,RYAM,^RUT
1545,RYI,^RUT
1546,SABR,^RUT
1547,SAFE,^RUT
1548,SAFT,^RUT
1549,SAGE,^RUT
1550,SAH,^RUT
1551,SAIA,^RUT
1552,SAIL,^RUT
1553,SAMG,^RUT
1554,SANA,^RUT
1555,SANM,^RUT
1556,SASR,^RUT
1557,SATS,^RUT
1558,SAVA,^RUT
1559,SAVE,^RUT
1560,SB,^RUT
1561,SBCF,^RUT
1562,SBGI,^RUT
1563,SBH,^RUT
1564,SBOW,^RUT
1565,SBRA,^RUT
1566,SBSI,^RUT
1567,SBT,^RUT
1568,SCHL,^RUT
1569,SCHN,^RUT
1570,SCL,^RUT
1571,SCS,^RUT
1572,SCSC,^RUT
1573,SCU,^RUT
1574,SCVL,^RUT
1575,SCWX,^RUT
1576,SD,^RUT
1577,SDGR,^RUT
1578,SEAS,^RUT
1579,SEAT,^RUT
1580,SEER,^RUT
1581,SEM,^RUT
1582,SENEA,^RUT
1583,SENS,^RUT
1584,SFBS,^RUT
1585,SFIX,^RUT
1586,SFL,^RUT
1587,SFM,^RUT
1588,SFNC,^RUT
1589,SFST,^RUT
1590,SG,^RUT
1591,SGC,^RUT
1592,SGH,^RUT
1593,SGHT,^RUT
1594,SGMO,^RUT
1595,SGRY,^RUT
1596,SHAK,^RUT
1597,SHBI,^RUT
1598,SHCR,^RUT
1599,SHEN,^RUT
1600,SHLS,^RUT
1601,SHO,^RUT
1602,SHOO,^RUT
1603,SHYF,^RUT
1604,SI,^RUT
1605,SIBN,^RUT
1606,SIG,^RUT
1607,SIGA,^RUT
1608,SIGI,^RUT
1609,SILK,^RUT
1610,SITC,^RUT
1611,SITM,^RUT
1612,SJI,^RUT
1613,SJW,^RUT
1614,SKIL,^RUT
1615,SKIN,^RUT
1616,SKLZ,^RUT
1617,SKT,^RUT
1618,SKY,^RUT
1619,SKYT,^RUT
1620,SKYW,^RUT
1621,SLAB,^RUT
1622,SLCA,^RUT
1623,SLDP,^RUT
1624,SLGC,^RUT
1625,SLP,^RUT
1626,SLQT,^RUT
1627,SLVM,^RUT
1628,SM,^RUT
1629,SMBC,^RUT
1630,SMBK,^RUT
1631,SMCI,^RUT
1632,SMFR,^RUT
1633,SMMF,^RUT
1634,SMP,^RUT
1635,SMPL,^RUT
1636,SMR,^RUT
1637,SMRT,^RUT
1638,SMTC,^RUT
1639,SNBR,^RUT
1640,SNCE,^RUT
1641,SNCY,^RUT
1642,SNDX,^RUT
1643,SNEX,^RUT
1644,SNPO,^RUT
1645,SOI,^RUT
1646,SOND,^RUT
1647,SONO,^RUT
1648,SOVO,^RUT
1649,SOY.TO,^RUT
1650,SP,^RUT
1651,SPCE,^RUT
1652,SPFI,^RUT
1653,SPIR,^RUT
1654,SPNE,^RUT
1655,SPNS,^RUT
1656,SPNT,^RUT
1657,SPSC,^RUT
1658,SPT,^RUT
1659,SPTN,^RUT
1660,SPWH,^RUT
1661,SPWR,^RUT
1662,SPXC,^RUT
1663,SQSP,^RUT
1664,SR,^RUT
1665,SRCE,^RUT
1666,SRDX,^RUT
1667,SRG,^RUT
1668,SRI,^RUT
1669,SRNE,^RUT
1670,SSB,^RUT
1671,SSD,^RUT
1672,SSP,^RUT
1673,SSTI,^RUT
1674,SSTK,^RUT
1675,STAA,^RUT
1676,STAG,^RUT
1677,STAR,^RUT
1678,STBA,^RUT
1679,STC,^RUT
1680,STEM,^RUT
1681,STEP,^RUT
1682,STER,^RUT
1683,STGW,^RUT
1684,STKS,^RUT
1685,STNE,^RUT
1686,STNG,^RUT
1687,STOK,^RUT
1688,STON,^RUT
1689,STR,^RUT
1690,STRA,^RUT
1691,STRC,^RUT
1692,STRL,^RUT
1693,STRO,^RUT
1694,STRS,^RUT
1695,STRY,^RUT
1696,SUM,^RUT
1697,SUMO,^RUT
1698,SUNL,^RUT
1699,SUPN,^RUT
1700,SVC,^RUT
1701,SWAV,^RUT
1702,SWBI,^RUT
1703,SWI,^RUT
1704,SWIM,^RUT
1705,SWKH,^RUT
1706,SWTX,^RUT
1707,SWX,^RUT
1708,SXC,^RUT
1709,SXI,^RUT
1710,SXT,^RUT
1711,SYBT,^RUT
1712,SYNA,^RUT
1713,TA,^RUT
1714,TALO,^RUT
1715,TALS,^RUT
1716,TARS,^RUT
1717,TBBK,^RUT
1718,TBI,^RUT
1719,TBK,^RUT
1720,TBPH,^RUT
1721,TCBI,^RUT
1722,TCBK,^RUT
1723,TCBX,^RUT
1724,TCDA,^RUT
1725,TCMD,^RUT
1726,TCS,^RUT
1727,TCX,^RUT
1728,TDS,^RUT
1729,TDUP,^RUT
1730,TDW,^RUT
1731,TELL,^RUT
1732,TEN,^RUT
1733,TENB,^RUT
1734,TEX,^RUT
1735,TFM,^RUT
1736,TG,^RUT
1737,TGAN,^RUT
1738,TGH,^RUT
1739,TGI,^RUT
1740,TGNA,^RUT
1741,TGTX,^RUT
1742,TH,^RUT
1743,THFF,^RUT
1744,THR,^RUT
1745,THRM,^RUT
1746,THRN,^RUT
1747,THRX,^RUT
1748,THRY,^RUT
1749,THS,^RUT
1750,TIG,^RUT
1751,TIL,^RUT
1752,TILE,^RUT
1753,TIPT,^RUT
1754,TITN,^RUT
1755,TK,^RUT
1756,TKNO,^RUT
1757,TLS,^RUT
1758,TLYS,^RUT
1759,TMCI,^RUT
1760,TMDX,^RUT
1761,TMHC,^RUT
1762,TMP,^RUT
1763,TMST,^RUT
1764,TNC,^RUT
1765,TNET,^RUT
1766,TNGX,^RUT
1767,TNK,^RUT
1768,TNYA,^RUT
1769,TOI,^RUT
1770,TOWN,^RUT
1771,TPB,^RUT
1772,TPC,^RUT
1773,TPH,^RUT
1774,TPIC,^RUT
1775,TPTX,^RUT
1776,TR,^RUT
1777,TRC,^RUT
1778,TREE,^RUT
1779,TRMK,^RUT
1780,TRN,^RUT
1781,TRNO,^RUT
1782,TRNS,^RUT
1783,TROX,^RUT
1784,TRS,^RUT
1785,TRST,^RUT
1786,TRTN,^RUT
1787,TRTX,^RUT
1788,TRUE,^RUT
1789,TRUP,^RUT
1790,TSE,^RUT
1791,TSP,^RUT
1792,TSVT,^RUT
1793,TTCF,^RUT
1794,TTEC,^RUT
1795,TTGT,^RUT
1796,TTI,^RUT
1797,TTMI,^RUT
1798,TTSH,^RUT
1799,TUP,^RUT
1800,TVTX,^RUT
1801,TWI,^RUT
1802,TWNK,^RUT
1803,TWO,^RUT
1804,TWOU,^RUT
1805,TWST,^RUT
1806,TXRH,^RUT
1807,TYDE,^RUT
1808,TYRA,^RUT
1809,UBA,^RUT
1810,UBSI,^RUT
1811,UCBI,^RUT
1812,UCTT,^RUT
1813,UDMY,^RUT
1814,UE,^RUT
1815,UEC,^RUT
1816,UEIC,^RUT
1817,UFCS,^RUT
1818,UFI,^RUT
1819,UFPI,^RUT
1820,UFPT,^RUT
1821,UHT,^RUT
1822,UIS,^RUT
1823,ULCC,^RUT
1824,ULH,^RUT
1825,UMBF,^RUT
1826,UMH,^RUT
1827,UNF,^RUT
1828,UNFI,^RUT
1829,UNIT,^RUT
1830,UNTY,^RUT
1831,UONE,^RUT
1832,UONEK,^RUT
1833,UP,^RUT
1834,UPLD,^RUT
1835,UPWK,^RUT
1836,URBN,^RUT
1837,URE.TO,^RUT
1838,USCB,^RUT
1839,USD,^RUT
1840,USER,^RUT
1841,USLM,^RUT
1842,USM,^RUT
1843,USNA,^RUT
1844,USPH,^RUT
1845,UTI,^RUT
1846,UTL,^RUT
1847,UTMD,^RUT
1848,UTZ,^RUT
1849,UUUU,^RUT
1850,UVE,^RUT
1851,UVSP,^RUT
1852,UVV,^RUT
1853,VAL,^RUT
1854,VALU,^RUT
1855,VBIV,^RUT
1856,VBTX,^RUT
1857,VC,^RUT
1858,VCEL,^RUT
1859,VCSA,^RUT
1860,VCTR,^RUT
1861,VCYT,^RUT
1862,VECO,^RUT
1863,VEL,^RUT
1864,VERA,^RUT
1865,VERI,^RUT
1866,VERU,^RUT
1867,VERV,^RUT
1868,VGR,^RUT
1869,VHI,^RUT
1870,VIA,^RUT
1871,VIAV,^RUT
1872,VICR,^RUT
1873,VIEW,^RUT
1874,VIR,^RUT
1875,VITL,^RUT
1876,VIVO,^RUT
1877,VLD,^RUT
1878,VLDR,^RUT
1879,VLGEA,^RUT
1880,VLTA,^RUT
1881,VLY,^RUT
1882,VMEO,^RUT
1883,VNDA,^RUT
1884,VPG,^RUT
1885,VRAY,^RUT
1886,VRDN,^RUT
1887,VRE,^RUT
1888,VREX,^RUT
1889,VRNS,^RUT
1890,VRNT,^RUT
1891,VRRM,^RUT
1892,VRTS,^RUT
1893,VRTV,^RUT
1894,VSEC,^RUT
1895,VSH,^RUT
1896,VSTO,^RUT
1897,VTGN,^RUT
1898,VTNR,^RUT
1899,VTOL,^RUT
1900,VTYX,^RUT
1901,VUZI,^RUT
1902,VVI,^RUT
1903,VVNT,^RUT
1904,VVX,^RUT
1905,VWE,^RUT
1906,VXRT,^RUT
1907,VZIO,^RUT
1908,WABC,^RUT
1909,WAFD,^RUT
1910,WASH,^RUT
1911,WD,^RUT
1912,WDFC,^RUT
1913,WEAV,^RUT
1914,WEBR,^RUT
1915,WEJO,^RUT
1916,WERN,^RUT
1917,WETF,^RUT
1918,WEYS,^RUT
1919,WFRD,^RUT
1920,WGO,^RUT
1921,WHD,^RUT
1922,WINA,^RUT
1923,WING,^RUT
1924,WIRE,^RUT
1925,WISH,^RUT
1926,WK,^RUT
1927,WKHS,^RUT
1928,WLDN,^RUT
1929,WLLAW,^RUT
1930,WLLBW,^RUT
1931,WLY,^RUT
1932,WMK,^RUT
1933,WNC,^RUT
1934,WOR,^RUT
1935,WOW,^RUT
1936,WRBY,^RUT
1937,WRE,^RUT
1938,WRLD,^RUT
1939,WSBC,^RUT
1940,WSBF,^RUT
1941,WSFS,^RUT
1942,WSR,^RUT
1943,WTBA,^RUT
1944,WTI,^RUT
1945,WTS,^RUT
1946,WTTR,^RUT
1947,WULF,^RUT
1948,WW,^RUT
1949,WWW,^RUT
1950,XERS,^RUT
1951,XHR,^RUT
1952,XMTR,^RUT
1953,XNCR,^RUT
1954,XOS,^RUT
1955,XPEL,^RUT
1956,XPER,^RUT
1957,XPOF,^RUT
1958,XPRO,^RUT
1959,XRX,^RUT
1960,XTSLA,^RUT
1961,XXII,^RUT
1962,YELP,^RUT
1963,YEXT,^RUT
1964,YMAB,^RUT
1965,YORW,^RUT
1966,YOU,^RUT
1967,ZD,^RUT
1968,ZETA,^RUT
1969,ZEUS,^RUT
1970,ZEV,^RUT
1971,ZGN,^RUT
1972,ZGNX,^RUT
1973,ZIMV,^RUT
1974,ZIP,^RUT
1975,ZNTL,^RUT
1976,ZUMZ,^RUT
1977,ZUO,^RUT
1978,ZWS,^RUT
1979,ZYXI,^RUT
